title,url,sales
title,url,"sales
"
日期新 天润酸奶整箱冰激凌化了网红牛奶百香果柚子青柠包邮,//item.taobao.com/item.htm?id\u003d548033060571\u0026ns\u003d1\u0026abbucket\u003d6#detail,"618
"
terun天润新疆酸奶组合原味冰淇淋化了青柠低温浓缩牛奶180g*12袋,//detail.tmall.com/item.htm?id\u003d561348517729\u0026ns\u003d1\u0026abbucket\u003d6,"8703
"
【16种口味】新疆天润浓缩酸奶冰淇淋网红学生整箱袋装早餐纯牛奶,//item.taobao.com/item.htm?id\u003d545204120265\u0026ns\u003d1\u0026abbucket\u003d6#detail,"72
"
terun新疆天润奶啤佳丽组合装发酵乳酸菌牛奶饮品啤酒300ml*12罐,//item.taobao.com/item.htm?id\u003d546398941758\u0026ns\u003d1\u0026abbucket\u003d6#detail,"71
"
【送娜扎同款奶酪】新疆天润酸奶原味疆内版180g*12袋酸牛奶,//item.taobao.com/item.htm?id\u003d520772702024\u0026ns\u003d1\u0026abbucket\u003d6#detail,"126
"
terun天润酸奶整箱早餐牛奶低温冰淇淋化了网红酸奶袋装180g*12袋,//detail.tmall.com/item.htm?id\u003d547765600511\u0026ns\u003d1\u0026abbucket\u003d6,"2093
"
天润酸奶冰淇淋化了180g*12袋网红酸奶新疆酸牛奶乳酸菌多口味组,//item.taobao.com/item.htm?id\u003d569181886183\u0026ns\u003d1\u0026abbucket\u003d6#detail,"84
"
特价新品天润纯牛奶全脂灭菌乳纯鲜牛乳佳丽小白奶儿童学生早餐奶,//item.taobao.com/item.htm?id\u003d558688571577\u0026ns\u003d1\u0026abbucket\u003d6#detail,"22
"
新疆特产天润浓缩原味酸奶风味乳酸菌牛奶 180g*12袋多省包邮,//item.taobao.com/item.htm?id\u003d549860988762\u0026ns\u003d1\u0026abbucket\u003d6#detail,"48
"
日期新！天润原味浓缩酸奶整箱 网红奶新疆牛奶包邮12袋装包邮,//item.taobao.com/item.htm?id\u003d536629224783\u0026ns\u003d1\u0026abbucket\u003d6#detail,"166
"
新疆天润酸奶网红浓缩奶原味低温牛奶发酵乳瓶装 现货整箱包邮,//item.taobao.com/item.htm?id\u003d530696191870\u0026ns\u003d1\u0026abbucket\u003d6#detail,"9
"
新疆酸奶 瓶装天润浓缩原味酸牛奶整箱8瓶*245g全脂风味发酵乳,//item.taobao.com/item.htm?id\u003d537139082845\u0026ns\u003d1\u0026abbucket\u003d6#detail,"13
"
奶啤天润组合佳丽奶啤酒蓝罐含乳酸菌牛奶饮料奶啤饮料300mlX12罐,//item.taobao.com/item.htm?id\u003d546861741791\u0026ns\u003d1\u0026abbucket\u003d6#detail,"37
"
新疆纯牛奶天润低温浓缩酸奶 冰淇淋化了180gx12袋 冰袋运输,//item.taobao.com/item.htm?id\u003d542950597636\u0026ns\u003d1\u0026abbucket\u003d6#detail,"11
"
天润益家乳酸菌酸奶 新疆牛奶 润康酸奶 新疆老酸奶1kg空运包邮,//item.taobao.com/item.htm?id\u003d547061702249\u0026ns\u003d1\u0026abbucket\u003d6#detail,"24
"
5股细线新疆纯棉线牛奶棉精梳全棉宝宝线儿童婴儿毛线钩针手编线,//detail.tmall.com/item.htm?id\u003d533178378252\u0026ns\u003d1\u0026abbucket\u003d6,"108
"
三利集团染色乖宝宝纯棉纱线100%新疆精梳长绒棉婴儿手编牛奶棉线,//item.taobao.com/item.htm?id\u003d38619792482\u0026ns\u003d1\u0026abbucket\u003d6#detail,"9
"
千初牛奶新疆全脂纯牛奶200ml*15盒包邮18年8月产,//item.taobao.com/item.htm?id\u003d563668079558\u0026ns\u003d1\u0026abbucket\u003d6#detail,"3
"
宝宝棉线棉纱线全棉线宝宝毛线婴儿棉线新疆精梳棉线牛奶棉纯棉线,//detail.tmall.com/item.htm?id\u003d547844985598\u0026ns\u003d1\u0026abbucket\u003d6,"16
"
新疆雪妃尔牛奶棉钩针娃娃55色毛线玩偶线5股更多优惠请进店咨询,//item.taobao.com/item.htm?id\u003d43777222559\u0026ns\u003d1\u0026abbucket\u003d6#detail,"10
"
精梳纯棉毛线新疆长绒棉新生婴儿童宝宝线全棉纱线牛奶棉手工编织,//detail.tmall.com/item.htm?id\u003d566776648844\u0026ns\u003d1\u0026abbucket\u003d6,"17
"
钩针材料线本白无漂染精梳纯棉纱线棉线宝宝婴儿毛线线新疆棉包邮,//detail.tmall.com/item.htm?id\u003d40940841876\u0026ns\u003d1\u0026abbucket\u003d6,"10
"
鸿韵 宝宝毛线牛奶棉亲肤绒线婴儿童手编中粗新疆长绒棉线,//item.taobao.com/item.htm?id\u003d570725566626\u0026ns\u003d1\u0026abbucket\u003d6#detail,"4
"
新疆包邮汽车刷车牛奶丝线刷子长杆可伸缩软毛洗车刷拖把洗,//item.taobao.com/item.htm?id\u003d566395711027\u0026ns\u003d1\u0026abbucket\u003d6#detail,"4
"
三利集团染色100%新疆精梳长绒棉纯棉线乖宝宝牛奶棉婴儿纯棉毛线,//item.taobao.com/item.htm?id\u003d41169067273\u0026ns\u003d1\u0026abbucket\u003d6#detail,"2
"
新疆百货哥 日本进口儿童喝牛奶饮料收纳盒 可调节防挤压扁饮料盒,//item.taobao.com/item.htm?id\u003d574892203323\u0026ns\u003d1\u0026abbucket\u003d6#detail,"3
"
【新疆包邮水果味牛奶味洗甲巾 】卸甲棉指甲油卸妆湿纸美甲巾,//item.taobao.com/item.htm?id\u003d575229644905\u0026ns\u003d1\u0026abbucket\u003d6#detail,"1
"
新疆母婴儿童水杯创意不锈钢可爱卡通不锈钢奶杯牛奶杯带盖,//item.taobao.com/item.htm?id\u003d573496560686\u0026ns\u003d1\u0026abbucket\u003d6#detail,"4
"
【旗舰店】terun天润新疆浓缩纯牛奶早餐奶M利乐枕205g*20袋,//detail.tmall.com/item.htm?id\u003d561419170381\u0026ns\u003d1\u0026abbucket\u003d6,"2402
"
日期新 天润老酸奶润康大桶网红原味牛奶浓缩1KG方桶益生菌包邮,//item.taobao.com/item.htm?id\u003d542286639532\u0026ns\u003d1\u0026abbucket\u003d6#detail,"81
"
【新疆直发】天润浓缩纯牛奶盖瑞鲜牛奶佳丽6+1纯奶205g*16袋整箱,//detail.tmall.com/item.htm?id\u003d573850994740\u0026ns\u003d1\u0026abbucket\u003d6,"277
"
新疆天润牛奶俄罗斯酸奶炭烧酸奶桶装老酸奶新疆网红酸奶天润桶装,//item.taobao.com/item.htm?id\u003d572991330335\u0026ns\u003d1\u0026abbucket\u003d6#detail,"46
"
新疆母婴小鸡卡迪新生婴幼儿童牛奶杯宝宝练习杯喝水杯带盖刷牙杯,//item.taobao.com/item.htm?id\u003d572674494882\u0026ns\u003d1\u0026abbucket\u003d6#detail,"3
"
方形冰鲜 冷泡茶瓶 玻璃瓶牛奶热饮料350ml带木塞只做新疆,//item.taobao.com/item.htm?id\u003d555633436362\u0026ns\u003d1\u0026abbucket\u003d6#detail,"2
"
新疆长绒棉精梳纯棉纱线宝宝毛线婴儿童牛奶全棉钩针毛线手编中粗,//item.taobao.com/item.htm?id\u003d550641841606\u0026ns\u003d1\u0026abbucket\u003d6#detail,"1
"
雅馨绣坊手工编织视频四股宝宝牛奶棉新疆长绒棉线毛衣马甲婴儿线,//item.taobao.com/item.htm?id\u003d567880145537\u0026ns\u003d1\u0026abbucket\u003d6#detail,"1
"
正宗新疆手工牛奶味道馕10个算一盒真空装特色小吃干粮养胃早餐糕,//item.taobao.com/item.htm?id\u003d577156455346\u0026ns\u003d1\u0026abbucket\u003d6#detail,"2
"
维林牛奶洗面乳120g 深层清洁美白滋润洗面奶 新疆偏远地区不发货,//item.taobao.com/item.htm?id\u003d574581638490\u0026ns\u003d1\u0026abbucket\u003d6#detail,"1
"
网红酸奶 新疆天润佳丽益家原味浓纯牛奶发酵全脂 桶装酸奶1公,//item.taobao.com/item.htm?id\u003d561849760792\u0026ns\u003d1\u0026abbucket\u003d6#detail,"6
"
新疆天润牛奶俄罗斯酸奶炭烧酸奶桶装老酸奶新疆网红酸奶天润桶装,//item.taobao.com/item.htm?id\u003d573093259540\u0026ns\u003d1\u0026abbucket\u003d6#detail,"8
"
【航空直发】新疆天润浓缩酸奶冰淇淋化了网红牛奶整箱180g*12袋,//detail.tmall.com/item.htm?id\u003d555367314539\u0026ns\u003d1\u0026abbucket\u003d6,"3559
"
【送娜扎同款奶酪】新疆天润酸奶青柠180g*12 酸牛奶 出厂即发,//item.taobao.com/item.htm?id\u003d545483511708\u0026ns\u003d1\u0026abbucket\u003d6#detail,"5
"
新疆西域春纯牛奶 200克*20盒牛奶整箱批发利乐包装早餐奶,//detail.tmall.com/item.htm?id\u003d543260837403\u0026ns\u003d1\u0026abbucket\u003d6,"4151
"
新疆麦趣尔纯牛奶20袋儿童成长孕妇中老年补钙包邮日期9-26,//detail.tmall.com/item.htm?id\u003d540468126504\u0026ns\u003d1\u0026abbucket\u003d6,"2591
"
【新鲜日期】新疆花园牛奶利乐枕20袋孕妇早餐儿童新疆纯牛奶包邮,//item.taobao.com/item.htm?id\u003d532690417917\u0026ns\u003d1\u0026abbucket\u003d6#detail,"2095
"
terun新疆天润酸奶冰淇淋化了网红学生整箱袋装早餐牛奶纯奶炭烧,//detail.tmall.com/item.htm?id\u003d561353219559\u0026ns\u003d1\u0026abbucket\u003d6,"2672
"
新疆阿克苏新农纯牛奶袋装全脂成人牛奶整箱批发营养早餐奶网红,//detail.tmall.com/item.htm?id\u003d573675371091\u0026ns\u003d1\u0026abbucket\u003d6,"2076
"
【旗舰店】terun天润新疆网红酸奶原味低温浓缩酸牛奶180g*12袋,//detail.tmall.com/item.htm?id\u003d561483215683\u0026ns\u003d1\u0026abbucket\u003d6,"3240
"
天润酸奶整箱袋装冰淇淋化了原味新疆浓缩网红牛奶青柠百果冰激凌,//item.taobao.com/item.htm?id\u003d537803694339\u0026ns\u003d1\u0026abbucket\u003d6#detail,"1549
"
【现货发】terun天润新疆盖瑞纯牛奶全脂学生205g*20袋装早餐整箱,//detail.tmall.com/item.htm?id\u003d561950308090\u0026ns\u003d1\u0026abbucket\u003d6,"380
"
新疆天润牛奶俄罗斯酸奶炭烧酸奶桶装老酸奶新疆网红酸奶天润桶装,//item.taobao.com/item.htm?id\u003d572142391979\u0026ns\u003d1\u0026abbucket\u003d6#detail,"4
"
天润浓缩奶礼盒装整箱包邮250g*12盒全脂纯牛奶学生早餐奶,//item.taobao.com/item.htm?id\u003d549669757123\u0026ns\u003d1\u0026abbucket\u003d6#detail,"43
"
新疆天润浓缩酸奶原味180g*12袋 新疆网红酸奶牛奶乳饮品,//item.taobao.com/item.htm?id\u003d547666356872\u0026ns\u003d1\u0026abbucket\u003d6#detail,"2
"
【旗舰店】terun天润新疆牛奶低温润康方桶酸奶1kg2kg大桶装包邮,//detail.tmall.com/item.htm?id\u003d562601338671\u0026ns\u003d1\u0026abbucket\u003d6,"3906
"
新疆西域春200gX20盒全脂纯牛奶利乐砖儿童学生早餐牛奶,//detail.tmall.com/item.htm?id\u003d540724658925\u0026ns\u003d1\u0026abbucket\u003d6,"3352
"
新疆新农整箱袋装纯牛奶无添加高钙牛奶学生全脂儿童早餐奶,//item.taobao.com/item.htm?id\u003d562638798676\u0026ns\u003d1\u0026abbucket\u003d6#detail,"1036
"
新疆天润酸奶冰淇淋化了浓缩网红180克*12袋特产爱克林包牛奶原味,//item.taobao.com/item.htm?id\u003d542635127184\u0026ns\u003d1\u0026abbucket\u003d6#detail,"8
"
新疆麦趣尔纯牛奶250ML*24盒家庭装 包邮日期9-21,//detail.tmall.com/item.htm?id\u003d540495481741\u0026ns\u003d1\u0026abbucket\u003d6,"852
"
新疆纯牛奶组合 麦趣尔西域春盖瑞花园天润牛奶浓缩新疆牛奶包邮,//item.taobao.com/item.htm?id\u003d532685579270\u0026ns\u003d1\u0026abbucket\u003d6#detail,"1064
"
【旗舰店】terun天润新疆浓缩纯牛奶MINI砖全脂早餐奶180*12盒,//detail.tmall.com/item.htm?id\u003d561957324301\u0026ns\u003d1\u0026abbucket\u003d6,"1547
"
新疆特产  新疆酸奶 原味天润浓缩酸奶新疆牛奶 180g*12袋 包邮,//item.taobao.com/item.htm?id\u003d543286006914\u0026ns\u003d1\u0026abbucket\u003d6#detail,"2
"
新疆天润润康浓缩原味酸奶牛奶大桶装4斤 家庭装新鲜包邮1kg*2桶,//item.taobao.com/item.htm?id\u003d566520985964\u0026ns\u003d1\u0026abbucket\u003d6#detail,"2
"
天润网红酸奶 新疆牛奶低温浓缩乳饮品冰淇淋化了酸奶180g*12包,//item.taobao.com/item.htm?id\u003d557206925683\u0026ns\u003d1\u0026abbucket\u003d6#detail,"1
"
【日期新鲜】新疆天润益家润康4斤桶装酸牛奶原味浓缩老酸奶2kg桶,//detail.tmall.com/item.htm?id\u003d554836317959\u0026ns\u003d1\u0026abbucket\u003d6,"1065
"
terun天润新疆低温浓缩牛奶冰激凌冰淇淋化了酸奶整箱180gx12袋,//detail.tmall.com/item.htm?id\u003d561347545117\u0026ns\u003d1\u0026abbucket\u003d6,"1582
"
terun新疆天润浓缩奶纯牛奶整箱早餐奶利乐M枕袋装营养205g*20袋,//detail.tmall.com/item.htm?id\u003d539373510601\u0026ns\u003d1\u0026abbucket\u003d6,"876
"
【旗舰店】terun天润新疆浓缩小白纯牛奶低温全脂早餐奶180g*12,//detail.tmall.com/item.htm?id\u003d561270300345\u0026ns\u003d1\u0026abbucket\u003d6,"1844
"
新疆新农牛奶200ml*20袋整箱托木尔苏全脂纯牛奶16袋包邮拍下立减,//item.taobao.com/item.htm?id\u003d572836323303\u0026ns\u003d1\u0026abbucket\u003d6#detail,"668
"
【中秋特卖】新疆西域春浓缩益生菌酸奶12袋*180克整箱低温酸牛奶,//detail.tmall.com/item.htm?id\u003d553791754894\u0026ns\u003d1\u0026abbucket\u003d6,"607
"
新疆花园纯牛奶利乐新鲜枕200ml×20袋装 兵团军垦全脂灭菌乳包邮,//item.taobao.com/item.htm?id\u003d36150428663\u0026ns\u003d1\u0026abbucket\u003d6#detail,"450
"
多仓发货 新疆西域春利乐枕纯牛奶200毫升*20袋整箱利乐枕营养奶,//detail.tmall.com/item.htm?id\u003d554283133401\u0026ns\u003d1\u0026abbucket\u003d6,"1165
"
新疆麦趣尔纯牛奶牛奶整箱批发箱早餐早餐奶促销盒装250ml*24盒,//detail.tmall.com/item.htm?id\u003d558325552107\u0026ns\u003d1\u0026abbucket\u003d6,"313
"
悠纯 抖音网红透明袋12袋常温新疆纯牛奶儿童成人原味早餐奶整箱,//detail.tmall.com/item.htm?id\u003d564511852998\u0026ns\u003d1\u0026abbucket\u003d6,"1841
"
【双仓发货】 新疆天润盖瑞纯牛奶牛奶全脂灭菌乳205g*20袋,//detail.tmall.com/item.htm?id\u003d555350361243\u0026ns\u003d1\u0026abbucket\u003d6,"542
"
terun天润新疆酸奶组合原味冰淇淋化了青柠低温浓缩牛奶180g*12袋,//item.taobao.com/item.htm?id\u003d561702277680\u0026ns\u003d1\u0026abbucket\u003d6#detail,"134
"
天润大桶酸奶原味装2斤 新疆特产浓缩酸牛奶,//item.taobao.com/item.htm?id\u003d548350744296\u0026ns\u003d1\u0026abbucket\u003d6#detail,"5
"
新疆特产天润百果香了酸奶新疆牛奶低温夏威夷风情酸奶180g*12袋,//item.taobao.com/item.htm?id\u003d554790013219\u0026ns\u003d1\u0026abbucket\u003d6#detail,"4
"
新疆西域春纯牛奶整箱批发全脂儿童学生早餐包邮促销200克*20盒,//detail.tmall.com/item.htm?id\u003d555695290504\u0026ns\u003d1\u0026abbucket\u003d6,"749
"
【新鲜直达】新疆花园纯牛奶利乐枕全脂军垦兵团全国包邮早餐奶,//item.taobao.com/item.htm?id\u003d561180760318\u0026ns\u003d1\u0026abbucket\u003d6#detail,"469
"
天润盖瑞砖全脂纯牛奶200ml*18盒*2提营养早餐新疆牛奶,//detail.tmall.com/item.htm?id\u003d560696559169\u0026ns\u003d1\u0026abbucket\u003d6,"233
"
terun天润新疆网红牛奶巴氏杀菌纯牛奶袋装浓缩鲜奶200g*12袋,//detail.tmall.com/item.htm?id\u003d566894129385\u0026ns\u003d1\u0026abbucket\u003d6,"181
"
terun天润酸奶新疆网红牛奶原味冰淇淋化了多口味混搭袋装酸牛奶,//detail.tmall.com/item.htm?id\u003d567012821317\u0026ns\u003d1\u0026abbucket\u003d6,"613
"
【新鲜日期】新疆西域春纯牛奶200ml*20袋 全脂儿童新疆牛奶包邮,//item.taobao.com/item.htm?id\u003d529744458029\u0026ns\u003d1\u0026abbucket\u003d6#detail,"634
"
新疆麦趣尔升级装纯牛奶利乐枕牛奶200ml*20*2套餐版包邮,//detail.tmall.com/item.htm?id\u003d554321941403\u0026ns\u003d1\u0026abbucket\u003d6,"310
"
新疆麦趣尔纯牛奶升级装保护好牛奶200ml*20盒包邮日期9-19,//detail.tmall.com/item.htm?id\u003d559279888077\u0026ns\u003d1\u0026abbucket\u003d6,"726
"
新疆西域春浓缩酸奶抖音网红整箱袋装助消化益生菌儿童牛奶早餐,//item.taobao.com/item.htm?id\u003d546258543001\u0026ns\u003d1\u0026abbucket\u003d6#detail,"608
"
新疆花园纯牛奶儿童营养早餐整箱促销pk伊利蒙牛三元卫岗古城直发,//item.taobao.com/item.htm?id\u003d563924684382\u0026ns\u003d1\u0026abbucket\u003d6#detail,"446
"
新疆早餐儿童成长原生奶花园利乐枕200ML*20袋装全脂灭菌纯牛奶,//item.taobao.com/item.htm?id\u003d566065326636\u0026ns\u003d1\u0026abbucket\u003d6#detail,"366
"
日期新当天发天润酸奶冰激凌化了酸奶冰淇淋新疆浓缩网红牛奶整箱,//item.taobao.com/item.htm?id\u003d537662496307\u0026ns\u003d1\u0026abbucket\u003d6#detail,"518
"
B/m 大新疆网红科迪纯牛奶 180ml*16袋天然零添加日期滚动更新,//item.taobao.com/item.htm?id\u003d566959307434\u0026ns\u003d1\u0026abbucket\u003d6#detail,"223
"
新疆天润益家酸奶包邮2kg老酸奶佳丽酸牛奶方桶水果捞沙拉润康,//item.taobao.com/item.htm?id\u003d550771327574\u0026ns\u003d1\u0026abbucket\u003d6#detail,"658
"
当天发货 包邮新疆天润牛奶 1KG老酸奶天润网红浓缩酸奶润康方桶,//item.taobao.com/item.htm?id\u003d556943556786\u0026ns\u003d1\u0026abbucket\u003d6#detail,"742
"
terun天润酸奶袋装网红奶新疆牛奶低温浓缩原味乳饮品180g*12袋,//detail.tmall.com/item.htm?id\u003d537252052496\u0026ns\u003d1\u0026abbucket\u003d6,"702
"
天润盖瑞砖全脂纯牛奶200ml*18盒装营养早餐新疆牛奶,//detail.tmall.com/item.htm?id\u003d548695587961\u0026ns\u003d1\u0026abbucket\u003d6,"935
"
新疆新农纯牛奶托木尔苏冰牧场利乐枕200ml×20袋装 特价全国包邮,//item.taobao.com/item.htm?id\u003d17075022534\u0026ns\u003d1\u0026abbucket\u003d6#detail,"376
"
立减10元网红牛奶西悦新疆纯牛奶西部牧业西悦高钙纯奶儿童全脂,//item.taobao.com/item.htm?id\u003d557731342474\u0026ns\u003d1\u0026abbucket\u003d6#detail,"245
"
【旗舰店】terun天润新疆盖瑞纯牛奶康美砖全脂灭菌乳200g*18盒,//detail.tmall.com/item.htm?id\u003d561434334430\u0026ns\u003d1\u0026abbucket\u003d6,"541
"
【天天特价】新疆牛奶天润浓缩纯牛奶 新疆牛奶 16袋*200ml/箱,//item.taobao.com/item.htm?id\u003d524689633121\u0026ns\u003d1\u0026abbucket\u003d6#detail,"424
"
【新日期】新疆天润盖瑞全脂纯牛奶天润牛奶孕妇早餐205ml*20包邮,//item.taobao.com/item.htm?id\u003d529788140269\u0026ns\u003d1\u0026abbucket\u003d6#detail,"316
"
【双仓发货】新疆牛奶天润浓缩纯牛奶天润牛奶 205ml*20袋,//detail.tmall.com/item.htm?id\u003d555393825977\u0026ns\u003d1\u0026abbucket\u003d6,"340
"
新疆牛奶天润低温浓缩酸奶180g*12袋全脂风味乳孕妇早餐饮品包邮,//item.taobao.com/item.htm?id\u003d549042132942\u0026ns\u003d1\u0026abbucket\u003d6#detail,"2
"
新疆天润全脂灭菌浓缩奶纯牛奶205g*20袋装利乐枕健康营养早餐奶,//item.taobao.com/item.htm?id\u003d549518481181\u0026ns\u003d1\u0026abbucket\u003d6#detail,"133
"
新疆天润 牛奶 佳丽奶啤发酵乳酸菌牛奶饮品300ml*12罐,//item.taobao.com/item.htm?id\u003d562004119626\u0026ns\u003d1\u0026abbucket\u003d6#detail,"1
"
【现货发售】新疆天润牛奶浓缩奶袋装纯牛奶205g*20袋 包邮,//item.taobao.com/item.htm?id\u003d551177073919\u0026ns\u003d1\u0026abbucket\u003d6#detail,"60
"
新疆天润浓缩酸奶早餐酸奶随机口味网红牛奶日期新鲜发货180g*12,//item.taobao.com/item.htm?id\u003d573765300783\u0026ns\u003d1\u0026abbucket\u003d6#detail,"1
"
新疆新农纯牛奶袋装网红牛奶整箱批发早餐成人全脂早餐奶营养学生,//detail.tmall.com/item.htm?id\u003d556167243128\u0026ns\u003d1\u0026abbucket\u003d6,"432
"
新疆西域春纯牛奶花园各种组合纯牛奶老少皆西域春利乐枕牛奶20袋,//item.taobao.com/item.htm?id\u003d523246944972\u0026ns\u003d1\u0026abbucket\u003d6#detail,"430
"
新疆麦趣尔纯牛奶20袋儿童成长孕妇中老年补钙早餐包邮日期9-26,//item.taobao.com/item.htm?id\u003d520838258916\u0026ns\u003d1\u0026abbucket\u003d6#detail,"415
"
新疆天润牛奶网红酸奶原味浓缩桶装酸奶润康方桶老酸奶1KG/桶,//detail.tmall.com/item.htm?id\u003d568055060695\u0026ns\u003d1\u0026abbucket\u003d6,"678
"
【双仓发货】新疆天润牧场奶1954兵团牧场纯牛奶12盒*250ml/箱,//detail.tmall.com/item.htm?id\u003d557615758727\u0026ns\u003d1\u0026abbucket\u003d6,"45
"
三个三年 新疆特产纯牛奶整箱 新疆纯牛奶0添加 新鲜牛奶 配送,//item.taobao.com/item.htm?id\u003d565423199824\u0026ns\u003d1\u0026abbucket\u003d6#detail,"123
"
新疆天润盖瑞G纯牛奶利乐枕200ml×20袋装特价全国包邮广东2箱减8,//item.taobao.com/item.htm?id\u003d554971891332\u0026ns\u003d1\u0026abbucket\u003d6#detail,"100
"
新疆天润盖瑞全脂灭菌纯牛奶20X205mlPK名牌鲜牛奶孕妇早餐营养奶,//item.taobao.com/item.htm?id\u003d540360921060\u0026ns\u003d1\u0026abbucket\u003d6#detail,"148
"
terun天润浓缩奶新疆网红牛奶学生早餐纯牛奶整箱包邮125g*20盒,//detail.tmall.com/item.htm?id\u003d566769328555\u0026ns\u003d1\u0026abbucket\u003d6,"166
"
新疆天润浓缩牛奶盖瑞纯牛奶利乐枕包装早餐奶组合装205ml*20袋,//detail.tmall.com/item.htm?id\u003d557262607317\u0026ns\u003d1\u0026abbucket\u003d6,"95
"
terun新疆天润纯牛奶妙趣横生曲奇牛奶全脂风味发酵乳120g*16袋装,//detail.tmall.com/item.htm?id\u003d568796198762\u0026ns\u003d1\u0026abbucket\u003d6,"31
"
新疆天润浓缩鲜奶12袋包邮整箱鲜牛奶巴氏奶纯奶寻觅中的早餐好奶,//item.taobao.com/item.htm?id\u003d559025008061\u0026ns\u003d1\u0026abbucket\u003d6#detail,"212
"
【旗舰店】terun天润新疆盖瑞浓缩利乐枕全脂纯牛奶205ml*20袋,//detail.tmall.com/item.htm?id\u003d561269712838\u0026ns\u003d1\u0026abbucket\u003d6,"710
"
千初牛奶 千初新疆纯牛奶整箱批发促销低价 早餐 盒装 200ml*15盒,//detail.tmall.com/item.htm?id\u003d529807044392\u0026ns\u003d1\u0026abbucket\u003d6,"275
"
新疆麦趣尔纯牛奶整箱包邮促销200ml*20小盒装（全国多仓发货）,//detail.tmall.com/item.htm?id\u003d564367548223\u0026ns\u003d1\u0026abbucket\u003d6,"225
"
新疆西域春纯牛奶整箱早餐奶全脂儿童高钙促销低价学生,//item.taobao.com/item.htm?id\u003d553741432503\u0026ns\u003d1\u0026abbucket\u003d6#detail,"335
"
【中秋热卖】新疆西域春纯牛奶酸奶200克*20盒儿童学生早餐奶包邮,//detail.tmall.com/item.htm?id\u003d553675900105\u0026ns\u003d1\u0026abbucket\u003d6,"306
"
terun天润饮料新疆酸奶牛奶低温浓缩原味酸奶乳酸菌酸奶整箱包邮,//item.taobao.com/item.htm?id\u003d543786146855\u0026ns\u003d1\u0026abbucket\u003d6#detail,"378
"
新疆花园袋装纯牛奶 200ML*20支  满两件立减八元广东更优惠,//item.taobao.com/item.htm?id\u003d543828725128\u0026ns\u003d1\u0026abbucket\u003d6#detail,"183
"
西域春冰淇淋酸奶新疆冰激凌原味整箱盒装网红酸奶化了风味酸牛奶,//item.taobao.com/item.htm?id\u003d546236746384\u0026ns\u003d1\u0026abbucket\u003d6#detail,"307
"
天润酸奶整箱网红浓缩酸奶牛奶原味冰淇淋巧克力青柠柚子酸奶包邮,//item.taobao.com/item.htm?id\u003d529221037957\u0026ns\u003d1\u0026abbucket\u003d6#detail,"355
"
新疆西域春超高温灭菌全脂纯牛奶20袋200ml利乐枕原产地发货包邮,//item.taobao.com/item.htm?id\u003d536906030666\u0026ns\u003d1\u0026abbucket\u003d6#detail,"292
"
新疆西部牧业花园生态军垦牛清真牛奶纯牛奶饮品200ml*20袋包邮,//item.taobao.com/item.htm?id\u003d546111762673\u0026ns\u003d1\u0026abbucket\u003d6#detail,"266
"
新疆麦趣尔牛奶袋装包装纯牛奶早餐利乐包枕200ml*20袋包整箱,//detail.tmall.com/item.htm?id\u003d563609702697\u0026ns\u003d1\u0026abbucket\u003d6,"233
"
【中秋节热卖】新疆西域春牧场0+老酸奶冻低温牛奶原味180克*10杯,//detail.tmall.com/item.htm?id\u003d553678300510\u0026ns\u003d1\u0026abbucket\u003d6,"253
"
新疆麦趣尔纯牛奶牛奶整箱批发早餐早餐奶促销盒装250ml*16盒浓香,//detail.tmall.com/item.htm?id\u003d560450046038\u0026ns\u003d1\u0026abbucket\u003d6,"238
"
terun天润新疆浓缩小白纯牛奶整箱早餐奶袋装儿童青少年180g*12袋,//detail.tmall.com/item.htm?id\u003d558482997260\u0026ns\u003d1\u0026abbucket\u003d6,"514
"
新疆新农阿九提纯牛奶儿童高钙全脂牛奶袋装整箱200mlX15包早餐奶,//item.taobao.com/item.htm?id\u003d564288146010\u0026ns\u003d1\u0026abbucket\u003d6#detail,"210
"
广东省经销商新疆天润盖瑞原味纯牛奶利乐枕200ML*20袋装早餐包邮,//item.taobao.com/item.htm?id\u003d559765251472\u0026ns\u003d1\u0026abbucket\u003d6#detail,"12
"
新疆麦趣尔升级装纯牛奶利乐枕牛奶200ml*20*2套餐版包邮,//item.taobao.com/item.htm?id\u003d554186309651\u0026ns\u003d1\u0026abbucket\u003d6#detail,"137
"
【旗舰店】terun天润新疆低温浓缩酸牛奶青柠风味味180gx12袋整箱,//detail.tmall.com/item.htm?id\u003d561416050583\u0026ns\u003d1\u0026abbucket\u003d6,"865
"
【新疆直发】新疆天润牛奶浓缩纯牛奶全脂灭菌乳利乐枕205ml*20袋,//detail.tmall.com/item.htm?id\u003d554836757625\u0026ns\u003d1\u0026abbucket\u003d6,"227
"
新疆西域春纯牛奶整箱批发全脂原味学生儿童饮品早餐200克*20袋装,//detail.tmall.com/item.htm?id\u003d558431543943\u0026ns\u003d1\u0026abbucket\u003d6,"245
"
新品上市 terun新疆天润全脂巴氏鲜奶低温浓缩纯牛奶200g*12袋,//detail.tmall.com/item.htm?id\u003d564276266961\u0026ns\u003d1\u0026abbucket\u003d6,"585
"
天润酸奶新疆网红浓缩酸奶原味冰淇淋抹茶曲奇多口味混搭袋装牛奶,//item.taobao.com/item.htm?id\u003d562776255493\u0026ns\u003d1\u0026abbucket\u003d6#detail,"255
"
新疆天润浓缩砖纯牛奶250mlX12盒装高蛋白质牧场奶 整箱包邮,//item.taobao.com/item.htm?id\u003d560271278361\u0026ns\u003d1\u0026abbucket\u003d6#detail,"4
"
音苏提冰川牧场有机利乐枕200g*20袋/箱 营养早餐奶 新疆全脂牛奶,//detail.tmall.com/item.htm?id\u003d567642636799\u0026ns\u003d1\u0026abbucket\u003d6,"167
"
现货！天润酸奶 青柠口味新疆浓缩酸牛奶180gx12袋整箱网红奶包邮,//item.taobao.com/item.htm?id\u003d550343729177\u0026ns\u003d1\u0026abbucket\u003d6#detail,"11
"
天润酸奶网红酸奶纯牛奶混合装原味冰淇淋酸奶巧克力青柠芝士包邮,//item.taobao.com/item.htm?id\u003d559768937433\u0026ns\u003d1\u0026abbucket\u003d6#detail,"28
"
瑞缘无蔗糖酸奶脱脂酸奶新疆浓厚原味牛奶酸奶650g*2组合,//detail.tmall.com/item.htm?id\u003d567723780521\u0026ns\u003d1\u0026abbucket\u003d6,"150
"
天润盖瑞全脂纯牛奶新疆牛奶灭菌乳利乐枕早餐奶常温200mlX20整箱,//item.taobao.com/item.htm?id\u003d534582627722\u0026ns\u003d1\u0026abbucket\u003d6#detail,"279
"
新疆天润奶啤酸奶含乳酸菌牛奶饮料 300ml*12罐整箱发货,//item.taobao.com/item.htm?id\u003d533020466349\u0026ns\u003d1\u0026abbucket\u003d6#detail,"1280
"
【双仓发货】新疆天润奶啤发酵乳酸菌牛奶饮品300ml*12罐,//detail.tmall.com/item.htm?id\u003d555818130074\u0026ns\u003d1\u0026abbucket\u003d6,"289
"
新疆天润佳丽奶啤300ml*12罐发酵乳酸不含酒精牛奶饮品非奶非啤,//item.taobao.com/item.htm?id\u003d546825101312\u0026ns\u003d1\u0026abbucket\u003d6#detail,"252
"
袋装益生菌低温酸奶酸牛奶新疆天润酸奶乳酸菌饮料新疆酸奶西域春,//item.taobao.com/item.htm?id\u003d573235248714\u0026ns\u003d1\u0026abbucket\u003d6#detail,"142
"
全国包邮新疆天润奶啤发酵乳酸菌牛奶饮品300ml*24罐,//item.taobao.com/item.htm?id\u003d554440186469\u0026ns\u003d1\u0026abbucket\u003d6#detail,"42
"
天润浓缩纯牛奶新疆牛奶整箱纯牛奶新鲜新日期包邮现货产地直达,//item.taobao.com/item.htm?id\u003d541822514342\u0026ns\u003d1\u0026abbucket\u003d6#detail,"166
"
新疆天润奶啤酸奶饮料发酵乳酸菌饮料牛奶啤酒24罐全国发货,//item.taobao.com/item.htm?id\u003d543152991822\u0026ns\u003d1\u0026abbucket\u003d6#detail,"21
"
【佳丽奶啤6+天润奶啤6罐组合】新疆网红牛奶饮料2种组合不含酒精,//detail.tmall.com/item.htm?id\u003d569087153884\u0026ns\u003d1\u0026abbucket\u003d6,"123
"
天润奶啤300ml*6罐 新疆特产酸奶发酵非啤酒 乳酸益生菌牛奶饮料,//item.taobao.com/item.htm?id\u003d552322269639\u0026ns\u003d1\u0026abbucket\u003d6#detail,"268
"
新疆天润酸奶牛奶低温浓缩原味酸奶多种口味组合酸奶180g*12袋装,//item.taobao.com/item.htm?id\u003d552203176070\u0026ns\u003d1\u0026abbucket\u003d6#detail,"116
"
现货新疆天润奶啤网红饮料火锅伴侣300ml*12罐牛奶酸奶整箱批发,//detail.tmall.com/item.htm?id\u003d562533487150\u0026ns\u003d1\u0026abbucket\u003d6,"202
"
日期新！天润酸奶巧克力碎了化了12袋新疆风味酸牛奶袋装整箱网红,//item.taobao.com/item.htm?id\u003d538087639250\u0026ns\u003d1\u0026abbucket\u003d6#detail,"10
"
新疆天润盖瑞纯牛奶全脂利乐砖礼盒包装200ML20江浙沪包邮,//item.taobao.com/item.htm?id\u003d542513973454\u0026ns\u003d1\u0026abbucket\u003d6#detail,"4
"
【送娜扎同款奶酪】1-2KG新疆酸牛奶天润大桶装酸奶润康益家桶酸,//item.taobao.com/item.htm?id\u003d549296571105\u0026ns\u003d1\u0026abbucket\u003d6#detail,"22
"
新疆天润原味浓缩酸奶绿袋装全脂发酵乳低温乳酸菌牛奶 180g*12袋,//item.taobao.com/item.htm?id\u003d545488846601\u0026ns\u003d1\u0026abbucket\u003d6#detail,"7
"
新疆网红牛奶酸奶 天润浓缩酸奶 新疆发酵酸奶百果香了180gX12包,//item.taobao.com/item.htm?id\u003d557122556771\u0026ns\u003d1\u0026abbucket\u003d6#detail,"1
"
新疆天润网红牛奶润康1KG原味浓缩方桶活性益生菌老酸奶包邮,//item.taobao.com/item.htm?id\u003d542271557289\u0026ns\u003d1\u0026abbucket\u003d6#detail,"1
"
新疆天润纯牛奶天润浓缩奶新疆牛奶学生早餐奶新鲜直达新日期包邮,//item.taobao.com/item.htm?id\u003d540703481311\u0026ns\u003d1\u0026abbucket\u003d6#detail,"133
"
terun新疆天润纯牛奶盖瑞康美砖全脂纯奶营养早餐奶整箱200g*18盒,//detail.tmall.com/item.htm?id\u003d541634032475\u0026ns\u003d1\u0026abbucket\u003d6,"99
"
新疆西域春纯牛奶利乐枕200ml×20袋装 特价全国包邮广东2箱116元,//item.taobao.com/item.htm?id\u003d36049699018\u0026ns\u003d1\u0026abbucket\u003d6#detail,"121
"
新疆天润盖瑞纯牛奶利乐枕袋装新鲜日期全国包邮205ml*20袋,//item.taobao.com/item.htm?id\u003d534025059604\u0026ns\u003d1\u0026abbucket\u003d6#detail,"27
"
【航空直发】新疆天润小白浓缩纯牛奶佳丽小白袋网红奶180g*12袋,//detail.tmall.com/item.htm?id\u003d560963618162\u0026ns\u003d1\u0026abbucket\u003d6,"207
"
【浓枕】新疆天润浓缩纯奶牛奶全脂学生早餐奶205g*16袋装整箱,//detail.tmall.com/item.htm?id\u003d562201439257\u0026ns\u003d1\u0026abbucket\u003d6,"135
"
terun新疆天润网红纯牛奶整箱125g*20盒中小学生早餐整箱盒装纯奶,//detail.tmall.com/item.htm?id\u003d575905370009\u0026ns\u003d1\u0026abbucket\u003d6,"44
"
国庆后发货 新疆西域春冰激凌冰淇淋酸奶135克*12杯装低温酸牛奶,//detail.tmall.com/item.htm?id\u003d543547124098\u0026ns\u003d1\u0026abbucket\u003d6,"439
"
网红新疆特产低温天润浓缩酸奶爱克林180g*12袋牛奶饮品包邮送1袋,//item.taobao.com/item.htm?id\u003d522563626056\u0026ns\u003d1\u0026abbucket\u003d6#detail,"22
"
terun天润新疆袋装早餐牛奶盖瑞利乐枕纯牛奶整箱包邮205g*20袋,//detail.tmall.com/item.htm?id\u003d566980075557\u0026ns\u003d1\u0026abbucket\u003d6,"48
"
【双仓发货】新疆牛奶天润浓缩纯牛奶天润牛奶 200ml*16袋,//detail.tmall.com/item.htm?id\u003d555419843092\u0026ns\u003d1\u0026abbucket\u003d6,"86
"
terun天润浓缩奶新疆网红牛奶学生早餐纯牛奶整箱包邮205g*20盒,//detail.tmall.com/item.htm?id\u003d570924570999\u0026ns\u003d1\u0026abbucket\u003d6,"68
"
新疆天润盖瑞纯牛奶利乐砖200ml×18盒装 特价全国包邮广东2箱116,//item.taobao.com/item.htm?id\u003d41202687571\u0026ns\u003d1\u0026abbucket\u003d6#detail,"65
"
麦趣尔牛奶组合 纯牛奶香蕉核桃红枣奶4款*5\u003d20袋 新疆牛奶 包邮,//item.taobao.com/item.htm?id\u003d542211789495\u0026ns\u003d1\u0026abbucket\u003d6#detail,"35
"
新疆花园纯牛奶砖20盒*200ml 黄金牧场军垦牛清真早餐整箱包邮,//item.taobao.com/item.htm?id\u003d557859479987\u0026ns\u003d1\u0026abbucket\u003d6#detail,"173
"
好水好奶 子母河传奇新疆纯牛奶 兵团品质 纯真味道 200ml*12盒,//item.taobao.com/item.htm?id\u003d553751909179\u0026ns\u003d1\u0026abbucket\u003d6#detail,"90
"
terun天润新疆袋装早餐牛奶盖瑞高钙调制乳牛奶整箱包邮205g*12袋,//detail.tmall.com/item.htm?id\u003d567154868233\u0026ns\u003d1\u0026abbucket\u003d6,"635
"
terun天润香蕉牛奶新疆风味爱克林袋装牛奶整箱包邮200g*12袋,//item.taobao.com/item.htm?id\u003d567398405114\u0026ns\u003d1\u0026abbucket\u003d6#detail,"15
"
新疆纯牛奶天润西域春盖瑞花园新农冰川牛奶浓缩各类新疆牛奶组合,//item.taobao.com/item.htm?id\u003d566470644826\u0026ns\u003d1\u0026abbucket\u003d6#detail,"74
"
新疆天润纯牛奶袋装 天润牛奶纯牛奶 新疆天润盖瑞纯牛奶 包邮,//item.taobao.com/item.htm?id\u003d549139122349\u0026ns\u003d1\u0026abbucket\u003d6#detail,"14
"
【厂家直发】新疆天润盖瑞全脂纯牛奶G枕200g*20袋 新日期,//item.taobao.com/item.htm?id\u003d552011803112\u0026ns\u003d1\u0026abbucket\u003d6#detail,"16
"
【旗舰店】terun天润新疆牛奶低温润康炭烧方桶酸奶1kg大桶装包邮,//detail.tmall.com/item.htm?id\u003d570813126077\u0026ns\u003d1\u0026abbucket\u003d6,"607
"
terun天润新疆芝士蜜了个瓜冰淇淋低温浓缩酸牛奶组合180g*12袋,//detail.tmall.com/item.htm?id\u003d570710345844\u0026ns\u003d1\u0026abbucket\u003d6,"584
"
【拍下减】新疆阿克苏新农纯牛奶冰山牧场200ml*20袋全脂包邮,//item.taobao.com/item.htm?id\u003d573442284059\u0026ns\u003d1\u0026abbucket\u003d6#detail,"156
"
新疆麦趣尔一号牧场纯牛奶原味浓香口味鲜牛奶250ml*12盒牛奶整箱,//detail.tmall.com/item.htm?id\u003d569564331224\u0026ns\u003d1\u0026abbucket\u003d6,"208
"
新疆天润浓缩酸奶整箱早餐牛奶冰淇淋化了网红酸奶袋装180g*12袋,//item.taobao.com/item.htm?id\u003d550645492829\u0026ns\u003d1\u0026abbucket\u003d6#detail,"534
"
新疆麦趣尔250ml纯牛奶24盒源自天山牧场包邮日期9-21,//item.taobao.com/item.htm?id\u003d534016703095\u0026ns\u003d1\u0026abbucket\u003d6#detail,"130
"
【旗舰店】terun天润纯牛奶新疆兵团牧场奶全脂灭菌乳12盒,//detail.tmall.com/item.htm?id\u003d561433762782\u0026ns\u003d1\u0026abbucket\u003d6,"260
"
新疆新农纯牛奶 袋装利乐枕营养早餐奶 全脂奶源 江浙沪皖包邮,//item.taobao.com/item.htm?id\u003d523998401769\u0026ns\u003d1\u0026abbucket\u003d6#detail,"148
"
新疆terun天润全脂巴氏杀菌乳浓缩鲜奶网红牛奶整箱200g*12袋包邮,//item.taobao.com/item.htm?id\u003d552742794022\u0026ns\u003d1\u0026abbucket\u003d6#detail,"23
"
新疆天润浓缩纯牛奶儿童老年青少年高乳蛋白200ml*16袋 浓枕包邮,//item.taobao.com/item.htm?id\u003d554906936927\u0026ns\u003d1\u0026abbucket\u003d6#detail,"10
"
新农纯牛奶袋装整箱学生高钙营养早餐奶全脂成人网红牛奶新疆牧场,//item.taobao.com/item.htm?id\u003d571727186038\u0026ns\u003d1\u0026abbucket\u003d6#detail,"110
"
新疆天润佳丽疆小白纯牛奶180g*16袋整箱,//item.taobao.com/item.htm?id\u003d573023573281\u0026ns\u003d1\u0026abbucket\u003d6#detail,"16
"
新疆西域春纯牛奶整箱200g*20盒全脂儿童成长早餐奶高钙鲜奶包邮,//item.taobao.com/item.htm?id\u003d544909205360\u0026ns\u003d1\u0026abbucket\u003d6#detail,"316
"
